task,pattern,setting,variant,seed,labeled_size,unlabeled_size,dev_size,epochs,lr,mean_p_event,mean_illegal_mass,low_p_event_rate,unconstrained_event_rate,constrained_event_rate,char_accuracy,constrained_char_accuracy,exact_sequence_accuracy,constrained_exact_sequence_accuracy,mean_nll,hidden_conflict_rate,notes
LLDDD,LLDDD,controlled_labeled25_unlabeled100,B0_unconstrained,0,25,100,300,5,0.08,0.21675419885199518,0.7832458011480048,0.8633333333333333,0.19333333333333333,1.0,0.7693333333333333,0.9066666666666666,0.16666666666666666,0.5566666666666666,0.8279913902282715,0.8633333333333333,controlled CPU-only posterior-event training probe; not a benchmark
LLDDD,LLDDD,controlled_labeled25_unlabeled100,B2_event_0.1,0,25,100,300,5,0.08,0.21675364819782164,0.7832463518021784,0.86,0.19333333333333333,1.0,0.764,0.9053333333333333,0.16666666666666666,0.55,0.8381593815485636,0.86,controlled CPU-only posterior-event training probe; not a benchmark
LLDDD,LLDDD,controlled_labeled25_unlabeled100,B2_event_0.5,0,25,100,300,5,0.08,0.21728658266753578,0.7827134173324642,0.8566666666666667,0.2,1.0,0.756,0.8893333333333333,0.16333333333333333,0.49,0.8768846611976624,0.8566666666666667,controlled CPU-only posterior-event training probe; not a benchmark
LLDDD,LLDDD,controlled_labeled25_unlabeled100,B4_semi_event_0.1,0,25,100,300,5,0.08,0.32165645693584033,0.6783435430641597,0.74,0.36333333333333334,1.0,0.7866666666666666,0.8386666666666667,0.18333333333333332,0.3233333333333333,0.8334011963208516,0.74,controlled CPU-only posterior-event training probe; not a benchmark
LLDDD,LLDDD,controlled_labeled25_unlabeled100,B4_semi_event_0.5,0,25,100,300,5,0.08,0.6928117728730043,0.30718822712699567,0.22666666666666666,0.7866666666666666,1.0,0.7346666666666667,0.742,0.11,0.13666666666666666,1.5178960803349812,0.22666666666666666,controlled CPU-only posterior-event training probe; not a benchmark
