task,seed,tokens,gold,baseline_pred,baseline_constrained_pred,event_pred,event_constrained_pred,baseline_p_event,event_p_event
stock_5d,0,Z2 8 4 S5 B8,23458,23459,23459,23457,23457,0.7319177985191345,0.8970287442207336
stock_5d,0,2 8 8 5 3,23353,23353,23353,23353,23353,0.781190812587738,0.9363469481468201
stock_5d,0,Z2 I1 I S5 B,21158,21108,21108,21108,21108,0.7956914901733398,0.9304523468017578
stock_5d,1,B8 4A 6G 7 S5,84675,84685,84685,84685,84685,0.7659866213798523,0.9309223294258118
stock_5d,1,2 3 Z 7 S5,23275,23478,23478,23478,23478,0.7800618410110474,0.917477011680603
stock_5d,1,B8 4 4A S Z,84452,83453,83453,83453,83453,0.7808213829994202,0.8841922879219055
